<application>
  <component name="MaterialThemeConfig">
    <option name="compactMenus" value="true" />
    <option name="compactStatusBar" value="true" />
    <option name="isCompactMenus" value="true" />
    <option name="isCompactStatusBar" value="true" />
    <option name="pristineConfig" value="false" />
    <option name="statusBarTheme" value="false" />
    <option name="tabFontSize" value="10" />
    <option name="settingsSelectedTab" value="1" />
    <option name="tabsHeight" value="26" />
    <option name="accentColor" value="2979ff" />
    <option name="selectedTheme" value="ONE_DARK" />
    <option name="userId" value="-5caff918:17719ef1f68:-8000" />
    <option name="version" value="5.5.0" />
  </component>
</application>